TeamNumber,TeamName,TeamTag,TeamLogo,TeamColour
1,Losing All Matches Every Time,LAMA,LAMA.png,
2,Soup,SOUP,SOUP.png,
3,Shots,SHOTS,SHOTS.png,
4,Gab's Snowstorm,GABS,GABS.png,
5,The Noble Noobs,NOOBS,NOOBS.png,
6,Super Survivor,SUPER,SUPER.png,
7,Hot Drop Heroes,HDH,HDH.png,
8,Bush Campers,BCP,BCP.png,
9,50 Hertz,50HZ,50HZ.png,
10,Broken Armor,BRK,BRK.png,
11,Snowy Chicken,SNOWC,SNOWC.png,
12,Vikendi Snowmen,VSM,VSM.png,
13,Chicken Dinner Chefs,CDC,CDC.png,
14,Battleground Holidays,BATHOL,BATHOL.png,
15,Look Ma! I'm on Twitch!,TWTCH,TWTCH.png,
16,Rapid Reloaders,RR,RR.png,
17,Red Zone Runners,RED,RED.png,
18,Jolly Nades,JOL,JOL.png,
19,Forward Left Back Right,WASD,WASD.png,
20,Red Zone Reindeers,REIN,REIN.png,
21,Casters' Curse,CUR,CUR.png,
22,Keyboard Warriors,KEY,KEY.png,
23,Santa's Sniper,SSNIP,SSNIP.png,
24,Red Zone Rejects,RZR,RZR.png,
25,Favorite To Lose,FTL,FTL.png,
26,FluteGrounds,FLUTE,FLUTE.png,
27,Pixel Chicken,PIX,PIX.png,
28,Safe Rez! Safe Rez!,REZ,REZ.png,
29,Playing with Controller,CTRL,CTRL.png,
30,Winner Winner Tofu Dinner,WWTD,WWTD.png,
31,Bandages Stop Bullets,BSB,BSB.png,
32,Hot Drop Burrito,HDB,HDB.png,
33,Blue Zone Zoros,BZZ,BZZ.png,
34,Snowman Soldiers,SNOWS,SNOWS.png,
35,The Answer to Life...,42,42.png,
36,Pan Smashers,PSM,PSM.png,
37,Bullet Dodgers,BLD,BLD.png,
38,Sleepy Chicken,SLP,SLP.png,
39,Limb Modifiers,LMB,LMB.png,
40,Running Targets,RNT,RNT.png,
41,Bullet Rider,BUL,BUL.png,
42,Squat,SQUAT,SQUAT.png,
43,Saving Private Ryan's Loot,RYAN,RYAN.png,
44,Snipers Snacking On Snacks,SNACK,SNACK.png,
45,Giggling Grenades,GGD,GGD.png,
46,Clumsy Commanders,CC,CC.png,
47,AfterLife,AFT,AFT.png,
48,Garfield,GARF,GARF.png,
49,Loot Goblins,LGB,LGB.png,
50,PUBG Reddit,RDDT,RDDT.png,
